CC;European.list.coalition;alternative;national party;votes;comment;seats
DE;EPP;no alternative;Christlich Demokratische Union Deutschlands;8438975;;23
DE;Greens;EGP;Bündnis 90/Die Grünen;7677071;;21
DE;PES;no alternative;Sozialdemokratische Partei Deutschlands;5916882;;16
DE;ID;no alternative;Alternative für Deutschland;4104453;;11
DE;EPP;no alternative;Christlich-Soziale Union in Bayern;2355067;;6
DE;Left;no alternative;Die Linke;2056049;;5
DE;RENEW;ALDE;Freie Demokratische Partei;2028594;;5
DE;none;no alternative;Die PARTEI;899079;;2
DE;RENEW;EDP;Freie Wähler;806703;;2
DE;APEU;no alternative;Partei Mensch Umwelt Tierschutz;542226;;1
DE;none;no alternative;Ökologisch-Demokratische Partei;369869;;1
DE;ECPM;no alternative;Familien-Partei Deutschlands;273828;;1
DE;Greens;VOLT;Volt Deutschland;249098;;1
DE;Greens;EUPP;Piratenpartei Deutschland;243302;;1
DE;Greens;DiEM25;Demokratie in Europa – DiEM25;130229;;0
DE;none;no alternative;Nationaldemokratische Partei Deutschlands;101011;;0
DE;none;no alternative;Aktion Partei für Tierschutz;99780;;0
DE;none;no alternative;Partei für die Tiere Deutschland;85809;;0
DE;Greens;EFA;Bayernpartei;81880;;0
DE;none;no alternative;Graue Panther;76255;;0
DE;none;no alternative;Die Grauen – Für alle Generationen;71295;;0
DE;none;no alternative;Partei für Gesundheitsforschung;70869;;0
DE;none;no alternative;Bündnis für Innovation & Gerechtigkeit;68647;;0
DE;none;no alternative;Allianz für Menschenrechte, Tier- und Naturschutz;68572;;0
DE;ECPM;no alternative;Bündnis C – Christen für Deutschland;66327;;0
DE;none;no alternative;Partei der Humanisten;62604;;0
DE;none;no alternative;Ab jetzt…Demokratie durch Volksabstimmung;58400;;0
DE;none;no alternative;Feministische Partei Die Frauen;55293;;0
DE;ECR;no alternative;Liberal-Konservative Reformer;43961;;0
DE;none;no alternative;Bündnis Grundeinkommen;40818;;0
DE;none;no alternative;Ökologische Linke;35796;;0
DE;none;no alternative;Menschliche Welt;34470;;0
DE;none;no alternative;Europäische Partei Liebe;33160;;0
DE;none;no alternative;Die Violetten;27784;;0
DE;none;no alternative;Demokratie Direkt;25449;;0
DE;none;no alternative;Die Rechte;24598;;0
DE;none;no alternative;Deutsche Kommunistische Partei;20396;;0
DE;none;no alternative;Marxistisch-Leninistische Partei Deutschlands;18342;;0
DE;none;no alternative;Neue Liberale;15909;;0
DE;none;no alternative;Der dritte Weg;12756;;0
DE;none;no alternative;Sozialistische Gleichheitspartei;5283;;0
FR;ID;no alternative;Prenez le pouvoir, liste soutenue par Marine Le Pen;5286939;;23
FR;RENEW;no alternative;Renaissance soutenue par La République en marche, le MoDem et ses partenaires;5079015;;23
FR;Greens;EGP;Europe Écologie;3055023;;13
FR;EPP;no alternative;Union de la droite et du centre;1920407;;8
FR;Left;no alternative;La France insoumise;1428548;;6
FR;PES;no alternative;Envie d'Europe écologique et sociale;1403170;;6
FR;none;no alternative;Le courage de défendre les Français avec Nicolas Dupont-Aignan. Debout la France ! – CNIP;795508;;0
FR;Greens;DiEM25;Liste citoyenne du Printemps européen avec Benoît Hamon soutenue par Génération.s et DéME-DiEM25;741772;;0
FR;RENEW;ALDE;Les Européens;566057;;0
FR;Left;no alternative;Pour l'Europe des gens, contre l'Europe de l'argent;564949;;0
FR;APEU;no alternative;Parti animaliste;490074;;0
FR;none;no alternative;Urgence écologie;412136;;0
FR;none;no alternative;Ensemble pour le Frexit;265469;;0
FR;none;no alternative;Lutte ouvrière – contre le grand capital, le camp des travailleurs;176339;;0
FR;none;no alternative;Ensemble Patriotes et Gilets jaunes : pour la France, sortons de l'Union européenne !;147140;;0
FR;none;no alternative;Alliance jaune, la révolte par le vote;121209;;0
FR;none;no alternative;Les oubliés de l'Europe – artisans, commerçants, professions libérales et indépendants – ACPLI;51240;;0
FR;Greens;EUPP;Parti pirate;30105;;0
FR;none;no alternative;Union pour une Europe au service des peuples;28469;;0
FR;none;no alternative;Espéranto – langue commune équitable pour l'Europe;18587;;0
FR;none;no alternative;Parti fédéraliste européen – Pour une Europe qui protège ses citoyens;12146;;0
FR;none;no alternative;Décroissance 2019;10352;;0
FR;none;no alternative;Allons enfants;8062;;0
FR;none;no alternative;À voix égales;7825;;0
FR;none;no alternative;PACE – Parti des citoyens européens;6663;;0
FR;none;no alternative;Mouvement pour l'initiative citoyenne;5882;;0
FR;none;no alternative;Union démocratique pour la liberté, égalité, fraternité;4912;;0
FR;none;no alternative;Liste de la reconquête;4569;;0
FR;none;no alternative;Une France royale au cœur de l'Europe;3150;;0
FR;none;no alternative;Démocratie représentative;3084;;0
FR;none;no alternative;Évolution citoyenne;2061;;0
FR;none;no alternative;La ligne claire;1578;;0
FR;none;no alternative;Parti révolutionnaire Communistes;1413;;0
FR;none;no alternative;Neutre et actif;1321;;0
IT;ID;no alternative;Lega Salvini Premier;9175208;;29
IT;PES;no alternative;Partito Democratico - Siamo Europei;6089853;;19
IT;none;no alternative;Movimento 5 Stelle;4569089;;14
IT;EPP;no alternative;Forza Italia;2351673;;7
IT;ECR;no alternative;Fratelli d'Italia;1726189;;6
IT;RENEW;ALDE;+Europa - Italia in Comune - PDE Italia;833443;;0
IT;Greens;EGP;Europa Verde;621492;;0
IT;Left;no alternative;La Sinistra;469943;;0
IT;INITIATIVE;no alternative;Partito Comunista;235542;;0
IT;APEU;no alternative;Partito Animalista Italiano;160270;;0
IT;EPP;no alternative;Südtiroler Volkspartei;142185;;1
IT;EPP;no alternative;Il Popolo della Famiglia - Alternativa Popolare;114531;;0
IT;none;no alternative;CasaPound Italia - Destre Unite;89142;;0
IT;EPP;no alternative;Popolari per l'Italia;80553;;0
IT;Greens;EUPP;Partito Pirata;60809;;0
IT;none;no alternative;Forza Nuova;41077;;0
IT;Greens;EFA;Autonomie per l'Europa;17692;;0
IT;none;no alternative;Partito Pensiero e Azione;5041;;0
ES;PES;no alternative;Partido Socialista Obrero Español;7369789;;21
ES;EPP;no alternative;Partido Popular;4519205;;13
ES;RENEW;ALDE;Ciudadanos-Partido de la Ciudadanía;2731825;;8
ES;Left;no alternative;Unidas Podemos Cambiar Europa;2258857;;6
ES;ECR;no alternative;Vox;1393684;;4
ES;Greens;EFA;Ahora Repúblicas;1252139;;3
ES;none;no alternative;Lliures per Europa;1018435;;3
ES;RENEW;EDP;Coalición por una Europa Solidaria;633090;;1
ES;Greens;EFA;Compromiso por Europa;296491;;0
ES;APEU;no alternative;Partido Animalista Contra el Maltrato Animal;295546;;0
ES;none;no alternative;Coalición Verde-Europa Ciudadana;65504;;0
ES;none;no alternative;Recortes Cero-Los Verdes-Grupo Verde Europeo;50002;;0
ES;Greens;VOLT;Volt Europa;32432;;0
ES;none;no alternative;Iniciativa Feminista;29276;;0
ES;INITIATIVE;no alternative;PCPE-PCPC-PCPA;28508;;0
ES;Greens;DiEM25;Actúa;25528;;0
ES;Greens;EFA;Andalucía por Sí;23995;;0
ES;none;no alternative;Por Un Mundo Más Justo;21584;;0
ES;INITIATIVE;no alternative;Partido Comunista de los Trabajadores de España;19080;;0
ES;Greens;EUPP;Pirates de Catalunya-European Pirates;16755;;0
ES;none;no alternative;Centristas por Europa;15615;;0
ES;none;no alternative;Foro de Ciudadanos;14175;;0
ES;none;no alternative;Izquierda en Positivo;12939;;0
ES;none;no alternative;Contigo Somos Democracia:;12430;;0
ES;none;no alternative;Extremeños PREX CREX;11894;;0
ES;none;no alternative;FE de las JONS, Alternativa Española, La Falange, Democracia Nacional;11699;;0
ES;none;no alternative;Alternativa Republicana;11076;;0
ES;none;no alternative;Igualdad Real;9076;;0
ES;none;no alternative;Movimiento Corriente Roja;8402;;0
ES;none;no alternative;Partido Humanista;7947;;0
ES;none;no alternative;Movimiento Independiente Euro Latino;6809;;0
ES;none;no alternative;Solidaridad y Autogestión Internacionalista;5543;;0
PL;ECR;no alternative;Prawo i Sprawiedliwość;6192780;;27
PL;coalition;no alternative;Koalicja Europejska;5249935;coalition devided by seats;0
PL;EPP;no alternative;Platforma Obywatelska;3340868;;14
PL;EPP;no alternative;Polskie Stronnictwo Ludowe ;1193167;;3
PL;PES;no alternative;Sojusz Lewicy Demokratycznej ;715900;;5
PL;PES;no alternative;Wiosna;826975;;3
PL;none;no alternative;Konfederacja;621188;;0
PL;none;no alternative;Kukiz'15;503564;;0
PL;none;no alternative;Lewica Razem;168745;;0
PL;none;no alternative;Polska Fair Play;74013;;0
PL;ID;no alternative;PolEXIT – Koalicja;7900;;0
PL;none;no alternative;Jedność Narodu;2211;;0
RO;EPP;no alternative;Partidul Național Liberal;2449068;;10
RO;PES;no alternative;Partidul Social Democrat;2040765;;9
RO;RENEW;ALDE;Alianța 2020 USR-PLUS (USR-PLUS);2028236;;8
RO;PES;no alternative;Pro România;583916;;2
RO;EPP;no alternative;Partidul Mișcarea Populară;522104;;2
RO;EPP;no alternative;Uniunea Democrată Maghiară din România;476777;;2
RO;RENEW;ALDE;Alianța Liberalilor și Democraților;372760;;0
RO;none;no alternative;Uniunea Națională pentru Progresul României;54942;;0
RO;none;no alternative;Partidul Prodemo;53351;;0
RO;none;no alternative;Partidul România Unită;51787;;0
RO;Left;no alternative;Partidul Socialist Român;40435;;0
RO;none;no alternative;Partidul Social Democrat Independent;26439;;0
RO;none;no alternative;Blocul Unității Naționale;20411;;0
RO;none;no alternative;Independents;348831;;0
NL;PES;no alternative;Partij van de Arbeid;1045274;;6
NL;RENEW;ALDE;Volkspartij voor Vrijheid en Democratie;805100;;5
NL;EPP;no alternative;Christen-Democratisch Appèl;669555;;4
NL;none;no alternative;Forum voor Democratie;602507;;4
NL;Greens;EGP;GroenLinks;599283;;3
NL;RENEW;ALDE;Democraten 66;389692;;2
NL;ECPM;no alternative;ChristenUnie – SGP;375660;;2
NL;APEU;no alternative;Partij voor de Dieren;220938;;1
NL;none;no alternative;50PLUS;215199;;1
NL;ID;no alternative;Partij voor de Vrijheid;194178;;1
NL;none;no alternative;Socialistische Partij;185224;;0
NL;Greens;VOLT;Volt Nederland;106004;;0
NL;none;no alternative;Denk;60669;;0
NL;Greens;EUPP;VandeRegio & Piratenpartij;10692;;0
NL;none;no alternative;De Groenen;9546;;0
NL;none;no alternative;Jezus Leeft;8292;;0
BE-FRA;PES;no alternative;Parti socialiste;651157;;2
BE-FRA;Greens;EGP;Ecolo;485655;;2
BE-FRA;RENEW;ALDE;Mouvement réformateur;470654;;2
BE-FRA;Left;no alternative;Parti du travail de Belgique;355883;;1
BE-FRA;EPP;no alternative;Centre démocrate humaniste;218078;;1
BE-FRA;none;no alternative;DéFI;144555;;0
BE-FRA;none;no alternative;Parti populaire;113793;;0
BE-NED;ECR;EFA;Nieuw-Vlaamse Alliantie;954048;;3
BE-NED;ID;no alternative;Vlaams Belang;811169;;3
BE-NED;RENEW;ALDE;Open VLD;678051;;2
BE-NED;EPP;no alternative;Christen-Democratisch en Vlaams;617651;;2
BE-NED;Greens;EGP;Groen;525908;;1
BE-NED;PES;no alternative;Socialistische Partij Anders;434002;;1
BE-NED;Left;no alternative;Partij van de Arbeid van België;210391;;0
BE-NED;Greens;VOLT;Volt België;20385;;0
BE-DEU;EPP;no alternative;Christlich Soziale Partei;14247;;1
BE-DEU;Greens;EGP;Ecolo;6675;;0
BE-DEU;none;no alternative;ProDG;5360;;0
BE-DEU;RENEW;ALDE;Partei für Freiheit und Fortschritt;4684;;0
BE-DEU;PES;no alternative;Sozialistische Partei;4655;;0
BE-DEU;none;no alternative;Vivant;4550;;0
BE-DEU;APEU;no alternative;DierAnimal;606;;0
CZ;RENEW;ALDE;ANO 2011;502343;;6
CZ;ECR;no alternative;Občanská demokratická strana;344885;;4
CZ;Greens;EUPP;Česká pirátská strana;330844;;3
CZ;EPP;no alternative;STAN a TOP 09;276220;;3
CZ;ID;no alternative;Svoboda a přímá demokracie;216718;;2
CZ;EPP;no alternative;Křesťanská a demokratická unie – Československá strana lidová;171723;;2
CZ;Left;no alternative;Komunistická strana Čech a Moravy;164624;;1
CZ;PES;no alternative;Česká strana sociálně demokratická;93664;;0
CZ;none;no alternative;HLAS;56449;;0
CZ;none;no alternative;ANO, vytrollíme europarlament;37046;;0
CZ;none;no alternative;Vědci pro Českou republiku;19492;;0
CZ;none;no alternative;Rozumní a Národní demokracie;18715;;0
CZ;none;no alternative;Svobodní a Radostné Česko;15492;;0
CZ;none;no alternative;Demokratická strana zelených - ZA PRÁVA ZVÍŘAT;14339;;0
CZ;none;no alternative;Evropa společně;12587;;0
CZ;none;no alternative;Alternativa pro Českou republiku 2017;11729;;0
CZ;none;no alternative;Strana nezávislosti České republiky;9676;;0
CZ;none;no alternative;Strana soukromníků České republiky a Nezávislí;8720;;0
CZ;none;no alternative;Cesta odpovědné společnosti;7890;;0
CZ;none;no alternative;PRO Zdraví a Sport;7868;;0
CZ;none;no alternative;Moravané;6599;;0
CZ;none;no alternative;Volte Pravý Blok www.cibulka.net;4752;;0
CZ;none;no alternative;Dělnická strana sociální spravedlnosti a Národní fronta;4363;;0
CZ;none;no alternative;Sdružení pro republiku – Republikánská strana Československa Miroslava Sládka;4284;;0
CZ;none;no alternative;Agrární demokratická strana;4004;;0
CZ;Greens;EFA;Moravské zemské hnutí;3195;;0
CZ;none;no alternative;Pro Česko;2760;;0
CZ;none;no alternative;Česká Suverenita;2609;;0
CZ;none;no alternative;BEZPEČNOST, ODPOVĚDNOST, SOLIDARITA;2583;;0
CZ;none;no alternative;Klub angažovaných nestraníků;2580;;0
CZ;none;no alternative;NE-VOLIM.CZ;2221;;0
CZ;none;no alternative;Aliance národních sil;1971;;0
CZ;none;no alternative;Tvůj kandidát;1653;;0
CZ;none;no alternative;Romská demokratická strana;1651;;0
CZ;none;no alternative;Národní socialisté;1312;;0
CZ;none;no alternative;Česká strana národně sociální a Patrioti České republiky;1289;;0
CZ;none;no alternative;PRVNÍ REPUBLIKA;844;;0
CZ;none;no alternative;JSI PRO? Jistota Solidarita Investice pro budoucnost;836;;0
CZ;none;no alternative;Konzervativní alternativa;235;;0
EL;EPP;no alternative;Νέα Δημοκρατία;1873137;;8
EL;Left;no alternative;Συνασπισμός Ριζοσπαστικής Αριστεράς;1343595;;6
EL;PES;no alternative;Κίνημα Αλλαγής;436726;;2
EL;INITIATIVE;no alternative;Κομμουνιστικό Κόμμα Ελλάδας;302603;;2
EL;none;no alternative;Χρυσή Αυγή;275734;;2
EL;ECR;no alternative;Ελληνική Λύση;236347;;1
EL;Greens;DiEM25;Μέτωπο Ευρωπαϊκής Ρεαλιστικής Ανυπακοής;169635;;0
EL;none;no alternative;Πλεύση Ελευθερίας;90927;;0
EL;none;no alternative;Ποτάμι;85934;;0
EL;RENEW;EDP;Ένωση Κεντρώων;82084;;0
EL;none;no alternative;Ελλάδα, ο άλλος δρόμος;70347;;0
EL;none;no alternative;Λαϊκός Ορθόδοξος Συναγερμός;69779;;0
EL;none;no alternative;Πολίτες Ηλία Ψινάκη;51398;;0
EL;Greens;EGP;Οικολόγοι Πράσινοι;49418;;0
EL;none;no alternative;Ανεξάρτητοι Έλληνες;45148;;0
EL;none;no alternative;Ελεύθερη Πατρίδα;41269;;0
EL;Greens;EFA;Κόμμα Ισότητας, Ειρήνης και Φιλίας;40211;;0
EL;none;no alternative;Δημιουργία, ξανά!;39217;;0
EL;none;no alternative;Νέα Δεξιά;37540;;0
EL;none;no alternative;Αντικαπιταλιστική Αριστερή Συνεργασία για την Ανατροπή;36361;;0
EL;none;no alternative;Αγροτικό Κτηνοτροφικό Κόμμα Ελλάδας;32014;;0
EL;none;no alternative;Λαϊκή Ενότητα;31648;;0
EL;none;no alternative;Ελλήνων Συνέλευσις;29509;;0
EL;none;no alternative;Οικολογία Πράσινοι-Αλληλεγγύη;25245;;0
EL;none;no alternative;ΕΝΥΠΕΚΚ - Όρθια Ελλάδα;22341;;0
EL;none;no alternative;Κόμμα Νέων;18458;;0
EL;none;no alternative;Δημοκρατική Ευθύνη;18207;;0
EL;none;no alternative;Νέα Ελληνική Ορμή;12278;;0
EL;none;no alternative;Μαρξιστικό-Λενινιστικό Κομμουνιστικό Κόμμα Ελλάδας;12231;;0
EL;none;no alternative;Έλληνες Οικολόγοι;11511;;0
EL;none;no alternative;Εθνικό Μέτωπο;10742;;0
EL;none;no alternative;Λαϊκές Ευρωπαϊκές Κοινωνικές Ομάδες;10264;;0
EL;none;no alternative;Άρμα Συνεργασίας;9893;;0
EL;none;no alternative;Έλληνες Ριζοσπάστες;9242;;0
EL;Greens;EFA;Ουράνιο Τόξο;6364;;0
EL;RENEW;ALDE;Φιλελεύθερη Συμμαχία;6032;;0
EL;none;no alternative;Οργάνωση Κομμουνιστών Διεθνιστών Ελλάδας;4803;;0
EL;none;no alternative;Κολλάτος–Ανεξάρτητο Πολιτικό Κίνημα;3065;;0
EL;none;no alternative;Λαϊκές Ενώσεις Υπερκομματικών Κοινωνικών Ομάδων;2886;;0
EL;none;no alternative;Ελληνικό Όραμα;1976;;0
HU;EPP;no alternative;Fidesz – Magyar Polgári Szövetség–Kereszténydemokrata Néppárt;1824220;;13
HU;PES;no alternative;Demokratikus Koalíció;557081;;4
HU;RENEW;ALDE;Momentum Mozgalom;344512;;2
HU;PES;no alternative;Magyar Szocialista Párt–Párbeszéd Magyarországért;229551;;1
HU;none;no alternative;Jobbik Magyarországért Mozgalom;220184;;1
HU;none;no alternative;Mi Hazánk Mozgalom;114156;;0
HU;none;no alternative;Magyar Kétfarkú Kutya Párt;90912;;0
HU;Greens;EGP;Lehet Más a Politika;75498;;0
HU;INITIATIVE;no alternative;Magyar Munkáspárt;14452;;0
PT;PES;no alternative;Partido Socialista;1106328;;9
PT;EPP;no alternative;Partido Social Democrata;727224;;6
PT;Left;no alternative;Bloco de Esquerda;325533;;2
PT;Left;no alternative;CDU – Coligação Democrática Unitária;228156;;2
PT;EPP;no alternative;CDS – Partido Popular;205106;;1
PT;APEU;no alternative;PESSOAS–ANIMAIS–NATUREZA;168501;;1
PT;RENEW;ALDE;Aliança;61753;;0
PT;Greens;DiEM25;LIVRE;60575;;0
PT;ECPM;no alternative;BASTA!;49496;;0
PT;RENEW;ALDE;Nós, Cidadãos!;34672;;0
PT;RENEW;ALDE;Iniciativa Liberal;29120;;0
PT;none;no alternative;Partido Comunista dos Trabalhadores Portugueses;27223;;0
PT;none;no alternative;Partido Nacional Renovador;16165;;0
PT;RENEW;ALDE;Partido Democrático Republicano;15790;;0
PT;none;no alternative;Partido Unido dos Reformados e Pensionistas;13582;;0
PT;none;no alternative;Partido Trabalhista Português;8640;;0
PT;none;no alternative;Movimento Alternativa Socialista;6641;;0
SE;PES;no alternative;Socialdemokraterna;974589;;5
SE;EPP;no alternative;Moderaterna;698770;;4
SE;ECR;no alternative;Sverigedemokraterna;636877;;3
SE;Greens;EGP;Miljöpartiet de Gröna;478258;;3
SE;RENEW;ALDE;Centerpartiet;447641;;2
SE;EPP;no alternative;Kristdemokraterna;357856;;2
SE;Left;no alternative;Vänsterpartiet;282300;;1
SE;RENEW;ALDE;Liberalerna;171419;;1
SE;none;no alternative;Feministiskt initiativ;32143;;0
SE;Greens;EUPP;Piratpartiet;26526;;0
SE;none;no alternative;Alternativ för Sverige;19178;;0
SE;none;no alternative;Medborgerlig Samling;6363;;0
SE;none;no alternative;Partiet Vändpunkt;5171;;0
SE;APEU;no alternative;Djurens parti;4105;;0
SE;none;no alternative;Landsbygdspartiet Oberoende;2059;;0
SE;none;no alternative;Kristna Värdepartiet;1596;;0
SE;none;no alternative;Direktdemokraterna;1276;;0
SE;INITIATIVE;no alternative;Sveriges Kommunistiska Parti;974;;0
SE;none;no alternative;Vi Socialkonservativa;715;;0
SE;none;no alternative;Klassiskt liberala partiet;702;;0
SE;none;no alternative;Basinkomstpartiet;213;;0
SE;none;no alternative;SKÅNEPARTIET;117;;0
SE;none;no alternative;Sverige ut ur EU/Frihetliga Rättvisepartiet;103;;0
SE;none;no alternative;TRYGGHETSPARTIET;53;;0
SE;none;no alternative;NY REFORM;50;;0
SE;none;no alternative;Common sense in Sweden;33;;0
SE;none;no alternative;Europeiska Arbetarpartiet-EAP;29;;0
SE;none;no alternative;Solens Frihetsparti;19;;0
SE;none;no alternative;Boningpartiet, Sveriges Rikes 3kr Bondesrepublikanerna, co-op, B.r.p.;8;;0
SE;none;no alternative;Det nya partiet;7;;0
SE;none;no alternative;Valsamverkanspartiet;3;;0
SE;none;no alternative;Kustkult;2;;0
SE;none;no alternative;Parties not on the ballot;2315;;0
AT;EPP;no alternative;Österreichische Volkspartei;1305956;;7
AT;PES;no alternative;Sozialdemokratische Partei Österreichs;903151;;5
AT;ID;no alternative;Freiheitliche Partei Österreichs;650114;;3
AT;Greens;EGP;Die Grünen – Die Grüne Alternative;532193;;3
AT;RENEW;ALDE;NEOS – Das Neue Österreich und Liberales Forum;319024;;1
AT;none;no alternative;Europa Jetzt;39239;;0
AT;Left;no alternative;KPÖ Plus;30087;;0
BG;EPP;no alternative;ПП ГЕРБ;607194;;6
BG;PES;no alternative;БСП ЗА БЪЛГАРИЯ;474160;;5
BG;RENEW;ALDE;Движение за права и свободи - ДПС;323510;;3
BG;ECR;no alternative;ПП ВМРО – БЪЛГАРСКО НАЦИОНАЛНО ДВИЖЕНИЕ;143830;;2
BG;EPP;no alternative;ДЕМОКРАТИЧНА БЪЛГАРИЯ – ОБЕДИНЕНИЕ (ДА България и ДСБ);118484;;1
BG;ID;no alternative;ВОЛЯ – Българските Родолюбци;70830;;0
BG;none;no alternative;ПАТРИОТИ ЗА ВАЛЕРИ СИМЕОНОВ (НФСБ И СРЕДНА ЕВРОПЕЙСКА КЛАСА);22421;;0
BG;RENEW;ALDE;ПЪТ НА МЛАДИТЕ (НДСВ и НОВОТО ВРЕМЕ);21315;;0
BG;none;no alternative;АТАКА;20906;;0
BG;none;no alternative;ПП „Възраждане“;20319;;0
BG;none;no alternative;КП Коалиция за България;16759;;0
BG;none;no alternative;ПП ДОСТ;7130;;0
BG;none;no alternative;ПП Глас Народен;6136;;0
BG;none;no alternative;партия на ЗЕЛЕНИТЕ;6051;;0
BG;none;no alternative;Движение 21;4141;;0
BG;ECR;no alternative;ПП „ДВИЖЕНИЕ ПРЕЗАРЕДИ БЪЛГАРИЯ“;3907;;0
BG;none;no alternative;Движение ЗАЕДНО;3731;;0
BG;Greens;VOLT;ПП ВОЛТ;3500;;0
BG;none;no alternative;ПРЯКА ДЕМОКРАЦИЯ;2425;;0
BG;none;no alternative;БЪЛГАРСКО НАЦИОНАЛНО ОБЕДИНЕНИЕ;2370;;0
BG;none;no alternative;ВЪЗХОД;1855;;0
BG;indipendents;no alternative;Десислава Петрова Иванчева - независим кандидат;30310;;0
BG;indipendents;no alternative;Минчо Христов Куминев - независим кандидат;22992;;0
BG;indipendents;no alternative;Ваня Руменова Григорова - независим кандидат;9320;;0
BG;indipendents;no alternative;Николай Нанков Ненчев - независим кандидат;4222;;0
BG;indipendents;no alternative;Христо Симеонов Симеонов - независим кандидат;3548;;0
BG;indipendents;no alternative;Венислава Пламенова Атанасова - независим кандидат;2925;;0
FI;EPP;no alternative;Kokoomus;380460;;3
FI;Greens;EGP;Vihreät;292892;;3
FI;PES;no alternative;Sosiaalidemokraatit;267603;;2
FI;ID;no alternative;Perussuomalaiset;253176;;2
FI;RENEW;ALDE;Keskusta;247477;;2
FI;Left;no alternative;Vasemmistoliitto;126063;;1
FI;RENEW;ALDE;Svenska folkpartiet i Finland;115962;;1
FI;EPP;no alternative;Kristillisdemokraatit;89204;;0
FI;none;no alternative;Tähtiliike;16065;;0
FI;Greens;EUPP;Piraattipuolue;12579;;0
FI;ECR;no alternative;Siniset;6043;;0
FI;none;no alternative;Feministinen puolue;4442;;0
FI;Left;no alternative;Kommunistinen Puolue;3532;;0
FI;none;no alternative;Liberaalipuolue;3015;;0
FI;APEU;no alternative;Eläinoikeuspuolue;2917;;0
FI;none;no alternative;Suomen Kansa Ensin;2495;;0
FI;none;no alternative;Kansalaispuolue;2043;;0
FI;indipendents;no alternative;Junes Lokka;4077;;0
DK;RENEW;ALDE;Venstre;648203;;4
DK;PES;no alternative;Socialdemokratiet;592645;;3
DK;Greens;EGP;Socialistisk Folkeparti;364895;;2
DK;ID;no alternative;Dansk Folkeparti;296978;;1
DK;RENEW;ALDE;Radikale Venstre;277929;;2
DK;EPP;no alternative;Det Konservative Folkeparti;170544;;1
DK;Left;no alternative;Enhedslisten;151903;;1
DK;none;no alternative;Folkebevægelsen mod EU;102101;;0
DK;Greens;DiEM25;Alternativet;92964;;0
DK;none;no alternative;Liberal Alliance;60693;;0
SK;RENEW;ALDE;Progresívne Slovensko;99128;;2
SK;EPP;no alternative;SPOLU;99127;;2
SK;PES;no alternative;SMER – sociálna demokracia;154996;;3
SK;none;no alternative;Ľudová strana Naše Slovensko;118995;;2
SK;EPP;no alternative;Kresťanskodemokratické hnutie;95588;;2
SK;ECR;no alternative;Sloboda a Solidarita;94839;;2
SK;EPP;no alternative;OBYČAJNÍ ĽUDIA a nezávislé osobnosti;51834;;1
SK;EPP;no alternative;Strana maďarskej komunity – Magyar Közösség Pártja;48929;;0
SK;none;no alternative;Slovenská národná strana (1990);40330;;0
SK;ECPM;no alternative;Kresťanská únia;37974;;0
SK;ID;no alternative;SME RODINA – Boris Kollár;31840;;0
SK;EPP;no alternative;MOST – HÍD;25562;;0
SK;none;no alternative;Kresťanská demokracia – Život a prosperita;20374;;0
SK;none;no alternative;KOREKTÚRA – Andrej Hryc;8460;;0
SK;none;no alternative;Strana zelených Slovenska;7845;;0
SK;none;no alternative;*NÁRODNÁ KOALÍCIA;7145;;0
SK;none;no alternative;Koalícia Komunistická strana Slovenska, VZDOR – strana práce;6199;;0
SK;none;no alternative;DOMA DOBRE;6124;;0
SK;none;no alternative;Demokratická strana;5092;;0
SK;none;no alternative;DOPRAVA;3998;;0
SK;none;no alternative;STAROSTOVIA A NEZÁVISLÍ KANDIDÁTI;2976;;0
SK;none;no alternative;Slovenská ľudová strana Andreja Hlinku;2953;;0
SK;none;no alternative;Strana práce;2657;;0
SK;none;no alternative;Maďarská kresťanskodemokratická aliancia – Magyar Kereszténydemokrata Szövetség;2270;;0
SK;none;no alternative;PRIAMA DEMOKRACIA;2222;;0
SK;none;no alternative;HLAS ĽUDU;2101;;0
SK;none;no alternative;NAJ – Nezávislosť a Jednota;2016;;0
SK;none;no alternative;EURÓPSKA DEMOKRATICKÁ STRANA;1452;;0
SK;none;no alternative;Strana tolerancie a spolunažívania;918;;0
SK;none;no alternative;SLOVENSKÁ NÁRODNÁ JEDNOTA - strana vlastencov;621;;0
SK;none;no alternative;SLOVENSKÁ KONZERVATÍVNA STRANA;603;;0
SK;none;no alternative;Strana rómskej koalície;512;;0
HR;EPP;no alternative;Hrvatska demokratska zajednica;244076;;4
HR;PES;no alternative;Socijaldemokratska partija Hrvatske;200976;;4
HR;ECR;no alternative;Hrvatski suverenisti;91546;;1
HR;indipendents;no alternative;Mislav Kolakušić;84765;;1
HR;none;no alternative;Živi zid;60847;;1
HR;RENEW;no alternative;Amsterdamska koalicija;55829;;1
HR;none;no alternative;Most nezavisnih lista;50257;;0
HR;indipendents;no alternative;Marijana Petir⁠;47358;;0
HR;none;no alternative;Neovisni za Hrvatsku–Hrvatska stranka prava;46970;;0
HR;none;no alternative;Samostalna demokratska srpska stranka;28597;;0
HR;RENEW;ALDE;Hrvatska narodna stranka – Liberalni demokrati;27958;;0
HR;none;no alternative;Start - Stranka antikorupcije, razvoja transparentnosti;21744;;0
HR;none;no alternative;Bandić Milan 365 - Stranka rada i solidarnosti;21175;;0
HR;none;no alternative;Možemo! - Politica Platforma / Nova ljevica / Održivi razvoj Hrvatske;19313;;0
HR;RENEW;ALDE;Pametno / Unija Kvarnera;15074;;0
HR;RENEW;EDP;Reformisti;9971;;0
HR;none;no alternative;Zelena lista;5972;;0
HR;RENEW;ALDE;HSLS;5876;;0
HR;none;no alternative;Hrvatska demokratska stranka;5610;;0
HR;none;no alternative;A - HSP;4391;;0
HR;none;no alternative;Blokirani;3981;;0
HR;none;no alternative;Snaga;3683;;0
HR;none;no alternative;HDS;3651;;0
HR;none;no alternative;RF–SRP;2622;;0
HR;none;no alternative;Pokret za modernu hrvatsku;2581;;0
HR;none;no alternative;DSS;2036;;0
HR;none;no alternative;HBPS;1588;;0
HR;none;no alternative;MVH;1168;;0
HR;none;no alternative;ZSZ;1128;;0
HR;none;no alternative;SH;1021;;0
HR;none;no alternative;SHZ;944;;0
HR;none;no alternative;HSR;733;;0
HR;none;no alternative;SSH;513;;0
IE;EPP;no alternative;Fine Gael;496459;;5
IE;RENEW;ALDE;Fianna Fáil;277705;;2
IE;Greens;EGP;Green;190755;;2
IE;Left;no alternative;Inds. 4 Change;124085;;2
IE;Left;no alternative;Sinn Féin;196001;;1
IE;PES;no alternative;Labour;52753;;0
IE;none;no alternative;PBP–SolIDarity;38771;;0
IE;none;no alternative;Social Democrats;20331;;0
IE;none;no alternative;Renua ;6897;;0
IE;INITIATIVE;no alternative;Workers' Party;3701;;0
IE;none;no alternative;Identity Ireland;3685;;0
IE;none;no alternative;Direct Democracy;2773;;0
IE;indipendents;no alternative;Independents (IE);264087;;1
LT;EPP;no alternative;Tėvynės sąjunga – Lietuvos krikščionys demokratai ;248736;;3
LT;PES;no alternative;Lietuvos socialdemokratų partija;200105;;2
LT;Greens;no alternative;Lietuvos valstiečių ir žaliųjų sąjunga;158190;;2
LT;RENEW;ALDE;Darbo partija;113243;;1
LT;RENEW;ALDE;Lietuvos Respublikos liberalų sąjūdis;83083;;1
LT;EPP;no alternative;Visuomeninis rinkimų komitetas „Aušros Maldeikienės traukinys“;82005;;1
LT;ECR;no alternative;Krikščioniškų šeimų sąjungos ir Rusų aljanso koalicija – „Valdemaro Tomaševskio blokas“;69347;;1
LT;none;no alternative;Lietuvos centro partija;64595;;0
LT;none;no alternative;Visuomeninis rinkimų komitetas „Prezidento Rolando Pakso judėjimas“;50410;;0
LT;none;no alternative;Visuomeninis rinkimų komitetas „Vytautas Radžvilas: susigrąžinkime valstybę!“;42228;;0
LT;none;no alternative;Tvarka ir teisingumas;34442;;0
LT;none;no alternative;Lietuvos socialdemokratų darbo partija;29706;;0
LT;Greens;EGP;Lietuvos žaliųjų partija;28562;;0
LT;none;no alternative;Lietuvos laisvės sąjunga (liberalai);24143;;0
LT;none;no alternative;Visuomeninis rinkimų komitetas „Stipri Lietuva vieningoje Europoje“;16850;;0
LT;none;no alternative;Visuomeninis rinkimų komitetas „Lemiamas šuolis“;14309;;0
LV;EPP;no alternative;Vienotība;124193;;2
LV;PES;no alternative;Sociāldemokrātiskā partija „Saskaņa“;82604;;2
LV;ECR;no alternative;Nacionālā apvienība „Visu Latvijai!“ – „Tēvzemei un Brīvībai/LNNK“;77591;;2
LV;RENEW;no alternative;Attīstībai/Par!;58763;;1
LV;Greens;EFA;Latvijas Krievu savienība;29546;;1
LV;none;no alternative;Zaļo un Zemnieku savienība;25252;;0
LV;ECR;no alternative;Latvijas Reģionu apvienība;23581;;0
LV;none;no alternative;Jaunā konservatīvā partija;20595;;0
LV;Greens;EGP;Progresīvie;13705;;0
LV;none;no alternative;Politiskā partija KPV LV;4362;;0
LV;none;no alternative;Latviešu Nacionālisti;3172;;0
LV;none;no alternative;Centra partija;2312;;0
LV;ECPM;no alternative;Atmoda;2242;;0
LV;PES;no alternative;Latvijas Sociāldemokrātiskā Strādnieku partija;922;;0
LV;none;no alternative;Jaunā Saskaņa;829;;0
LV;none;no alternative;Rīcības partija;791;;0
SI;EPP;no alternative;Slovenska demokratska stranka in Slovenska ljudska stranka;126534;;3
SI;PES;no alternative;Socialni demokrati;89936;;2
SI;RENEW;ALDE;Lista Marjana Šarca;74431;;2
SI;EPP;no alternative;Nova Slovenija;53621;;1
SI;Left;no alternative;Levica;30983;;0
SI;RENEW;EDP;Demokratična stranka upokojencev Slovenije;27329;;0
SI;RENEW;ALDE;Stranka Alenke Bratušek;19369;;0
SI;none;no alternative;Slovenska nacionalna stranka;19347;;0
SI;none;no alternative;Zeleni Slovenije;10706;;0
SI;none;no alternative;Domovinska liga;8184;;0
SI;none;no alternative;Povežimo se;7980;;0
SI;RENEW;ALDE;Stranka modernega centra;7823;;0
SI;none;no alternative;Gibanje Zedinjena Slovenija;3288;;0
SI;none;no alternative;Dobra država;2544;;0
CY;EPP;no alternative;Δημοκρατικός Συναγερμός (ΔΗΣΥ);81539;;2
CY;Left;no alternative;Ανορθωτικό Κόμμα Εργαζόμενου Λαού (ΑΚΕΛ);77241;;2
CY;none;no alternative;Δημοκρατικό Κόμμα (ΔΗΚΟ);38756;;1
CY;PES;no alternative;Κίνημα Σοσιαλδημοκρατών-Ε.Δ.Ε.Κ. (ΕΔΕΚ);29715;;1
CY;none;no alternative;Εθνικό Λαϊκό Μέτωπο;23167;;0
CY;RENEW;ALDE;Δημοκρατική Παράταξη;10673;;0
CY;Greens;EGP;Συμμαχία Πολιτών-Οικολόγοι;9232;;0
CY;none;no alternative;Κίνημα Γιασεμί;4786;;0
CY;APEU;no alternative;Κόμμα για τα ζώα;2208;;0
CY;none;no alternative;Πατριωτικό Κίνημα;607;;0
CY;none;no alternative;Εθνικιστικό Απελευθερωτικό Κίνημα;569;;0
CY;none;no alternative;Οργάνωση Αγωνιστών Δικαιοσύνης;457;;0
CY;none;no alternative;Σοσιαλιστικό Κόμμα Κύπρου;170;;0
CY;indipendents;no alternative;Μιχάλης Παρασκευά;1305;;0
CY;indipendents;no alternative;Χάρης Αριστείδου;276;;0
CY;indipendents;no alternative;Χρύσανθος Μαρδαπήττας;234;;0
EE;RENEW;ALDE;Eesti Reformierakond;87160;;2
EE;PES;no alternative;Sotsiaaldemokraatlik Erakond;77375;;2
EE;RENEW;ALDE;Eesti Keskerakond;47799;;1
EE;ID;no alternative;Eesti Konservatiivne Rahvaerakond;42265;;1
EE;EPP;no alternative;Isamaa Erakond;34188;;1
EE;none;no alternative;Erakond Eesti 200;10700;;0
EE;Greens;EGP;Erakond Eestimaa Rohelised;5824;;0
EE;none;no alternative;Elurikkuse Erakond;2951;;0
EE;Left;no alternative;Eestimaa Ühendatud Vasakpartei;221;;0
EE;indipendents;no alternative;Raimond Kaljulaid;20640;;0
EE;indipendents;no alternative;Erik Orgu;1442;;0
EE;indipendents;no alternative;Harry Raudvere;880;;0
EE;indipendents;no alternative;Maria Kaljuste;604;;0
EE;indipendents;no alternative;Argo Mõttus;55;;0
LU;RENEW;ALDE;Demokratesch Partei;44818;268910;2
LU;EPP;no alternative;Chrëschtlech-Sozial Vollekspartei;44111;264665;2
LU;Greens;EGP;Déi Gréng;39536;237215;1
LU;PES;no alternative;Lëtzebuerger Sozialistesch Aarbechterpartei;25483;152900;1
LU;ECR;no alternative;Alternativ Demokratesch Reformpartei;20998;125988;0
LU;Greens;EUPP;Piratepartei Lëtzebuerg;16096;96579;0
LU;Left;no alternative;Déi Lénk;10108;60648;0
LU;Greens;VOLT;Volt Lëtzebuerg;4414;26483;0
LU;none;no alternative;Kommunistesch Partei Lëtzebuerg;2387;14323;0
LU;none;no alternative;Déi Konservativ;1109;6652;0
MT;PES;no alternative;Partit Laburista;141267;;4
MT;EPP;no alternative;Partit Nazzjonalista;98611;;2
MT;none;no alternative;Imperium Europa;8238;;0
MT;RENEW;ALDE;Partit Demokratiku;5276;;0
MT;Greens;EGP;Alternattiva Demokratika;1866;;0
MT;ECPM;no alternative;Alleanza Bidla;1186;;0
MT;none;no alternative;Moviment Patrijotti Maltin;771;;0
MT;none;no alternative;Brain, Not Ego;323;;0
MT;indipendents;no alternative;Independents (MT);2674;;0
